"","xaxis","riv_sort","River","site","site2","Reach","year","sex","pop","capture","exuv_m","gcmyr","halfwidth","predflux","obs_exp","wid","Sitemean","site_c_lo","site_c_high","river","Rivermean","riverCIlow","riverCIhigh","gcmyr01","siteyr","flux_50","dep_25","dep_50","dep_75","dep_100","color","exuvia_f_gcmyr","exuvia_m_gcmyr","exuvia_tot","adult_C","adult_P","adult_N","exuvia_C","exuvia_P","exuvia_N","dep_100c","dep_25c","dep_50c","dep_75c","dep_100N","dep_25N","dep_50N","dep_75N","dep_100P","dep_25P","dep_50P","dep_75P"
"1",1,1,"Colorado","Pumphouse","Pump",5,2013,0.54,"17,017.00","0.79",558.3,49.4,17.5,18.4,2.68,35,1.77,1.27,2.27,"Colorado",0.6,0.26,0.95,49.41,"Pumphouse 2013",24.7,2.28703703703704,4.57407407407407,6.86111111111111,9.14814814814815,"raw_data",2.95412,5.60196,8.55608,40.84392,0.329386451612903,6.4831619047619,5.561452,0.0291527725806452,0.573800603174603,13.1251408888889,7.45237422222222,9.34329644444444,11.2342186666667,1.77438614109347,0.873946987654321,1.17409337213404,1.47423975661376,0.0901502636200717,0.0444021453405018,0.0596515181003584,0.074900890860215
"2",2,1,"Colorado","State Bridge","Stat",6,2013,0.56,"10,181.20","0.85",339.4,29.5,16.5,17.4,1.7,33,1.7,1.05,2.34,"Colorado",0.6,0.26,0.95,29.51,"State Bridge 2013",14.75,1.36574074074074,2.73148148148148,4.09722222222222,5.46296296296296,"raw_data",1.6874,3.4692,5.1566,24.3434,0.196317741935484,3.86403174603175,3.35179,0.0175698669354839,0.345819603174603,7.85982703703704,4.47879925925926,5.60580851851852,6.73281777777778,1.06138103762493,0.524709961787184,0.703600320399765,0.882490679012346,0.0539250043309438,0.0266586512843489,0.0357474356332139,0.0448362199820789
"3",3,1,"Colorado","Pumphouse","Pump",5,2014,0.6,"10,885.00","0.84",362.8,30.6,17.5,18.4,1.66,35,1.77,1.27,2.27,"Colorado",0.6,0.26,0.95,30.61,"Pumphouse 2014",15.3,1.41666666666667,2.83333333333333,4.25,5.66666666666667,"raw_data",1.5912,3.8556,5.4468,25.1532,0.202848387096774,3.99257142857143,3.54042,0.0185586532258065,0.365281428571429,8.19842,4.70492,5.86942,7.03392,1.10464650793651,0.550122698412698,0.734963968253968,0.919805238095238,0.0561231693548387,0.0279497822580645,0.0373409112903226,0.0467320403225807
"4",4,1,"Colorado","Byers","Byer",1,2014,0.62,"5,216.50","0.81",173.9,14.4,9.5,10,1.45,19,1.02,0.52,1.52,"Colorado",0.6,0.26,0.95,14.41,"Byers 2014",7.2,0.666666666666667,1.33333333333333,2,2.66666666666667,"raw_data",0.71136,1.87488,2.58624,11.81376,0.0952722580645161,1.8752,1.681056,0.00881198709677419,0.173442285714286,3.86878933333333,2.22798933333333,2.77492266666667,3.321856,0.520701544973545,0.260257100529101,0.347071915343915,0.43388673015873,0.0264549978494624,0.0132227397849462,0.0176334924731183,0.0220442451612903
"5",5,1,"Colorado","Byers","Byer",1,2015,0.6,"4,337.10","0.82",144.6,12.2,9.5,10,1.22,19,1.02,0.52,1.52,"Colorado",0.6,0.26,0.95,12.21,"Byers 2015",6.1,0.564814814814815,1.12962962962963,1.69444444444444,2.25925925925926,"raw_data",0.6344,1.5372,2.1716,10.0284,0.0808741935483871,1.59180952380952,1.41154,0.00739920161290322,0.145635079365079,3.26865111111111,1.87581777777778,2.34009555555556,2.80437333333333,0.440414620811287,0.219329964726631,0.293024850088183,0.366719735449735,0.0223759041218638,0.0111433772401434,0.0148875528673835,0.0186317284946237
"6",6,1,"Colorado","Pumphouse","Pump",5,2015,0.5,"6,014.80","0.86",200.5,18.1,17.5,18.4,0.98,35,1.77,1.27,2.27,"Colorado",0.6,0.26,0.95,18.11,"Pumphouse 2015",9.05,0.837962962962963,1.67592592592593,2.51388888888889,3.35185185185185,"raw_data",1.1765,1.9005,3.077,15.023,0.121153225806452,2.38460317460317,2.00005,0.0104841330645161,0.206354365079365,4.78208703703704,2.69555925925926,3.39106851851852,4.08657777777778,0.647947545561434,0.316752660199882,0.4271509553204,0.537549250440917,0.0329199156212664,0.0160930787037037,0.0217020243428913,0.0273109699820789
"7",7,1,"Colorado","Byers","Byer",1,2013,0.56,"1,390.40","0.81",45.6,4,9.5,10,0.4,19,1.02,0.52,1.52,"Colorado",0.6,0.26,0.95,4.01,"Byers 2013",2,0.185185185185185,0.37037037037037,0.555555555555556,0.740740740740741,"raw_data",0.2288,0.4704,0.6992,3.3008,0.0266193548387097,0.523936507936508,0.45448,0.00238235483870968,0.0468907936507937,1.06573925925926,0.607294814814815,0.76010962962963,0.912924444444444,0.143916072898295,0.071147113462669,0.0954034332745444,0.11965975308642,0.00731186499402628,0.00361473237753883,0.00484710991636798,0.00607948745519713
"8",8,1,"Colorado","Gore Canyon","Gore",7,2012,0.45,"1,933.00","0.77",63.4,4.7,23,24.2,0.2,46,0.2,-0.44,0.85,"Colorado",0.6,0.26,0.95,4.71,"Gore Canyon 2012",2.35,0.217592592592593,0.435185185185185,0.652777777777778,0.87037037037037,"raw_data",0.33605,0.44415,0.7802,3.9198,0.0316112903225806,0.622190476190476,0.50713,0.00265834274193548,0.0523229365079365,1.23301888888889,0.688602222222222,0.870074444444444,1.05154666666667,0.167543395061728,0.0811280511463845,0.109933165784832,0.13873828042328,0.00851228539426523,0.00412182840501792,0.00558531406810036,0.0070487997311828
"9",9,1,"Colorado","Hitching Post","Hitc",2,2014,0.43,"13","0.4",0.4,0,7.3,7.6,0.01,14.5,0,-0.37,0.37,"Colorado",0.6,0.26,0.95,0.01,"Hitching Post 2014",0,0,0,0,0,"raw_data",0,0,0,0,0,0,0,0,0,0,0,0,0,0,0,0,0,0,0,0,0
"10",10,1,"Colorado","Hwy 40 Bridge","Hwy ",3,2013,0.28,"37.3","0.81",1.2,0.1,11.8,12.4,0.01,23.5,0.01,-0.64,0.65,"Colorado",0.6,0.26,0.95,0.11,"Hwy 40 Bridge 2013",0.05,0.00462962962962963,0.00925925925925926,0.0138888888888889,0.0185185185185185,"raw_data",0.00936,0.00588,0.01524,0.08476,0.000683548387096774,0.0134539682539683,0.009906,5.19266129032258e-05,0.00102204761904762,0.0256022962962963,0.0138300740740741,0.0177541481481481,0.0216782222222222,0.00351352322163433,0.0016449165196943,0.00226778542034098,0.00289065432098765,0.000178509647550777,8.35723715651135e-05,0.000115218130227001,0.000146863888888889
"11",11,1,"Colorado","Powers BLM","Powe",4,2013,0.33,"64.6","0.76",2.2,0.2,17,17.9,0.01,34,0.01,-0.64,0.65,"Colorado",0.6,0.26,0.95,0.21,"Powers BLM 2013",0.1,0.00925925925925926,0.0185185185185185,0.0277777777777778,0.037037037037037,"raw_data",0.01742,0.01386,0.03128,0.16872,0.00136064516129032,0.0267809523809524,0.020332,0.000106579032258065,0.00209774603174603,0.0515764444444444,0.0281431111111111,0.0359542222222222,0.0437653333333333,0.00705718165784833,0.00333760493827161,0.00457746384479718,0.00581732275132275,0.000358550358422939,0.000169571863799283,0.000232564695340502,0.00029555752688172
"12",12,1,"Colorado","Hitching Post","Hitc",2,2013,0.43,"1","1",0,0,7.3,7.6,0,14.5,0,-0.37,0.37,"Colorado",0.6,0.26,0.95,0.01,"Hitching Post 2013",0,0,0,0,0,"raw_data",0,0,0,0,0,0,0,0,0,0,0,0,0,0,0,0,0,0,0,0,0
"13",13,1,"Colorado","Hitching Post","Hitc",8,2012,0.43,"0","N/A",0,0,7.3,7.6,0,14.5,0,-0.37,0.37,"Colorado",0.6,0.26,0.95,0.01,"Hitching Post 2012",0,0,0,0,0,"raw_data",0,0,0,0,0,0,0,0,0,0,0,0,0,0,0,0,0,0,0,0,0
"14",14,1,"Colorado","Hitching Post","Hitc",8,2015,0.43,"1","1",0,0,7.3,7.6,0,14.5,0,-0.37,0.37,"Colorado",0.6,0.26,0.95,0.01,"Hitching Post 2015",0,0,0,0,0,"raw_data",0,0,0,0,0,0,0,0,0,0,0,0,0,0,0,0,0,0,0,0,0
"15",15,2,"North Platte","Six Mile 4","SixM",18,2015,0.69,"507.2","0.9",101.4,11.6,17.5,18.4,0.63,35,0.48,-0.02,0.97,"North Platte",0.48,-0.42,1.39,11.61,"Six Mile 4 2015",5.8,0.537037037037037,1.07407407407407,1.61111111111111,2.14814814814815,"raw_data",0.46748,1.68084,2.14832,9.45168,0.0762232258064516,1.50026666666667,1.396408,0.00731988064516129,0.144073841269841,3.14671911111111,1.83398577777778,2.27156355555556,2.70914133333333,0.421901001763668,0.213530631393298,0.282987421516755,0.352444211640212,0.0214352928315412,0.0108487336917563,0.0143775867383513,0.0179064397849462
"16",16,2,"North Platte","Six Mile 3","SixM",18,2015,0.67,"446.3","0.8",89.3,10.1,17.5,18.4,0.55,35,0.48,-0.02,0.97,"North Platte",0.48,-0.42,1.39,10.11,"Six Mile 3 2015",5.05,0.467592592592593,0.935185185185185,1.40277777777778,1.87037037037037,"raw_data",0.43329,1.42107,1.85436,8.24564,0.0664970967741935,1.30883174603175,1.205334,0.00631828306451613,0.124359857142857,2.73230437037037,1.58707659259259,1.96881918518519,2.35056177777778,0.366736106407995,0.184953919459142,0.245547981775426,0.306142044091711,0.0186325602449223,0.00939685235961768,0.0124754216547192,0.0155539909498208
"17",17,2,"North Platte","Six Mile 2","SixM",18,2015,0.56,"366.7","1",73.3,7.6,17.5,18.4,0.41,35,0.48,-0.02,0.97,"North Platte",0.48,-0.42,1.39,7.61,"Six Mile 2 2015",3.8,0.351851851851852,0.703703703703704,1.05555555555556,1.40740740740741,"raw_data",0.43472,0.89376,1.32848,6.27152,0.0505767741935484,0.995479365079365,0.863512,0.00452647419354839,0.0890925079365079,2.02490459259259,1.15386014814815,1.4442082962963,1.73455644444444,0.273440538506761,0.135179515579071,0.181266523221634,0.227353530864198,0.0138925434886499,0.00686799151732378,0.00920950884109916,0.0115510261648746
"18",18,2,"North Platte","Six Mile 1","SixM",18,2015,0.66,"243.7","0.9",48.7,5.5,17.5,18.4,0.3,35,0.48,-0.02,0.97,"North Platte",0.48,-0.42,1.39,5.51,"Six Mile 1 2015",2.75,0.25462962962963,0.509259259259259,0.763888888888889,1.01851851851852,"raw_data",0.2431,0.7623,1.0054,4.4946,0.0362467741935484,0.713428571428572,0.65351,0.00342565725806452,0.0674256349206349,1.48584333333333,0.861593333333333,1.06967666666667,1.27776,0.199542037037037,0.100454735449735,0.133483835978836,0.166512936507937,0.0101380228494624,0.00510374865591398,0.00678184005376344,0.0084599314516129
"19",19,3,"Gunnison","Ute Park","Ute ",17,2014,0.77,"8,854.70","0.84",295.2,20.6,18,18.9,1.09,36,1.05,0.52,1.58,"Gunnison",0.31,-0.04,0.66,20.61,"Ute Park 2014",10.3,0.953703703703704,1.90740740740741,2.86111111111111,3.81481481481481,"raw_data",0.61594,3.33102,3.94696,16.65304,0.134298709677419,2.64333968253968,2.565524,0.0134483112903226,0.264696920634921,5.6494202962963,3.33649807407407,4.10747214814815,4.87844622222222,0.75420426925338,0.387073757789536,0.50945059494415,0.631827432098765,0.0383184427120669,0.0196658441457587,0.0258833770011947,0.0321009098566308
"20",20,3,"Gunnison","Ute Park","Ute ",17,2013,0.58,"7,205.80","0.89",240.2,19.4,18,18.9,1.03,36,1.05,0.52,1.58,"Gunnison",0.31,-0.04,0.66,19.41,"Ute Park 2013",9.7,0.898148148148148,1.7962962962963,2.69444444444444,3.59259259259259,"raw_data",1.05924,2.36292,3.42216,15.97784,0.128853548387097,2.53616507936508,2.224404,0.0116601822580645,0.229502,5.18326325925926,2.96411881481481,3.70383362962963,4.44354844444444,0.699162199882422,0.346917049970606,0.464332099941211,0.581747149911817,0.0355219504778972,0.0176256243130227,0.0235910663679809,0.0295565084229391
"21",21,3,"Gunnison","Goldmine","Gold",10,2013,0.58,"5,731.70","0.73",191.1,15.4,24,25.2,0.61,48,0.61,-0.04,1.25,"Gunnison",0.31,-0.04,0.66,15.41,"Goldmine 2013",7.7,0.712962962962963,1.42592592592593,2.13888888888889,2.85185185185185,"raw_data",0.84084,1.87572,2.71656,12.68344,0.102285806451613,2.01324444444444,1.765764,0.00925602096774194,0.182182,4.11454918518519,2.3529602962963,2.94015659259259,3.52735288888889,0.55500504526749,0.275387761316872,0.368593522633745,0.461799283950617,0.0281978369772999,0.0139914749701314,0.0187269289725209,0.0234623829749104
"22",22,3,"Gunnison","Chukar","Chuk",11,2013,0.62,"2,907.70","0.89",96.9,7.6,22.5,23.7,0.32,45,0.17,-0.33,0.67,"Gunnison",0.31,-0.04,0.66,7.61,"Chukar 2013",3.8,0.351851851851852,0.703703703703704,1.05555555555556,1.40740740740741,"raw_data",0.37544,0.98952,1.36496,6.23504,0.0502825806451613,0.989688888888889,0.887224,0.00465077096774194,0.0915389841269841,2.04186103703704,1.17588325925926,1.46454251851852,1.75320177777778,0.274814704291593,0.137357914168136,0.183176844209289,0.228995774250441,0.0139623599761051,0.00697866821983274,0.00930656547192354,0.0116344627240143
"23",23,3,"Gunnison","Smith Fork","Smit",16,2013,0.64,"1,478.70","0.78",49.3,3.8,17,17.9,0.21,34,0.21,-0.44,0.85,"Gunnison",0.31,-0.04,0.66,3.81,"Smith Fork 2013",1.9,0.175925925925926,0.351851851851852,0.527777777777778,0.703703703703704,"raw_data",0.17784,0.51072,0.68856,3.11144,0.0250922580645161,0.493879365079365,0.447564,0.00234610161290323,0.0461772380952381,1.02375659259259,0.591612148148148,0.735660296296296,0.879708444444444,0.137636379776602,0.0690420235155791,0.09190680893592,0.114771594356261,0.0069928160692951,0.00350778022700119,0.00466945884109916,0.00583113745519713
"24",24,3,"Gunnison","Cottonwood","Cott",12,2013,0.42,"1,328.60","0.79",44.3,4,21,22.1,0.18,42,0.18,-0.47,0.82,"Gunnison",0.31,-0.04,0.66,4.01,"Cottonwood 2013",2,0.185185185185185,0.37037037037037,0.555555555555556,0.740740740740741,"raw_data",0.3016,0.3528,0.6544,3.3456,0.0269806451612903,0.531047619047619,0.42536,0.00222970967741935,0.0438863492063492,1.04491555555556,0.580248888888889,0.735137777777778,0.890026666666667,0.142228500881834,0.0684718871252205,0.0930574250440917,0.117642962962963,0.00722612544802867,0.00347881362007168,0.00472791756272401,0.00597702150537634
"25",25,3,"Gunnison","Chukar","Chuk",11,2014,0.58,"1,267.80","0.77",42.3,3.4,22.5,23.7,0.14,45,0.17,-0.33,0.67,"Gunnison",0.31,-0.04,0.66,3.41,"Chukar 2014",1.7,0.157407407407407,0.314814814814815,0.472222222222222,0.62962962962963,"raw_data",0.18564,0.41412,0.59976,2.80024,0.0225825806451613,0.44448253968254,0.389844,0.00204353709677419,0.040222,0.908406962962963,0.519484740740741,0.649125481481481,0.778766222222222,0.122533581422693,0.0607998953556731,0.0813777907113463,0.101955686067019,0.00622549647550777,0.00308902694145759,0.00413451678614098,0.00518000663082437
"26",26,3,"Gunnison","Margariaville","Marg",13,2012,0.64,"722.7","0.8",24.1,1.9,13.8,14.5,0.13,27.5,0.13,-0.51,0.78,"Gunnison",0.31,-0.04,0.66,1.91,"Margariaville 2012",0.95,0.087962962962963,0.175925925925926,0.263888888888889,0.351851851851852,"raw_data",0.08892,0.25536,0.34428,1.55572,0.0125461290322581,0.246939682539683,0.223782,0.00117305080645161,0.023088619047619,0.511878296296296,0.295806074074074,0.367830148148148,0.439854222222222,0.068818189888301,0.0345210117577895,0.04595340446796,0.0573857971781305,0.00349640803464755,0.0017538901135006,0.00233472942054958,0.00291556872759857
"27",27,3,"Gunnison","Red Rocks 3","Red ",152,2012,0.67,"992.1","0.8",33.1,2.5,19.3,20.3,0.12,38.5,0.07,-0.4,0.54,"Gunnison",0.31,-0.04,0.66,2.51,"Red Rocks 3 2012",1.25,0.115740740740741,0.231481481481481,0.347222222222222,0.462962962962963,"raw_data",0.10725,0.35175,0.459,2.041,0.0164596774193548,0.323968253968254,0.29835,0.0015639314516129,0.0307821428571429,0.676312962962963,0.392840740740741,0.487331481481481,0.581822222222222,0.0907762639623751,0.0457806731334509,0.060779203409759,0.075777733686067,0.00461201986260454,0.00232595355436081,0.00308797565710872,0.00384999775985663
"28",28,3,"Gunnison","Orchard","Orch",14,2013,0.38,"751.9","0.87",25.1,2.3,21.5,22.6,0.1,43,0.1,-0.55,0.74,"Gunnison",0.31,-0.04,0.66,2.31,"Orchard 2013",1.15,0.106481481481481,0.212962962962963,0.319444444444444,0.425925925925926,"raw_data",0.18538,0.18354,0.36892,1.93108,0.0155732258064516,0.306520634920635,0.239798,0.00125700564516129,0.0247410634920635,0.597405407407407,0.329199851851852,0.418601703703704,0.508003555555556,0.0815041440329218,0.0389318336272781,0.0531226037624926,0.0673133738977072,0.00414093635005974,0.0019779883213859,0.00269897099761051,0.00341995367383512
"29",29,3,"Gunnison","Red Rocks 2","Red ",151,2012,0.55,"590.8","0.7",19.7,1.6,19.3,20.3,0.08,38.5,0.07,-0.4,0.54,"Gunnison",0.31,-0.04,0.66,1.61,"Red Rocks 2 2012",0.8,0.0740740740740741,0.148148148148148,0.222222222222222,0.296296296296296,"raw_data",0.0936,0.1848,0.2784,1.3216,0.010658064516129,0.209777777777778,0.18096,0.000948580645161291,0.0186704761904762,0.425700740740741,0.242145185185185,0.30333037037037,0.364515555555556,0.0575182128159906,0.0283824103468548,0.0380943445032334,0.047806278659612,0.0029222962962963,0.00144200955794504,0.00193543847072879,0.00242886738351254
"30",30,3,"Gunnison","Chukar","Chuk",11,2012,0.62,"516.9","0.8",17.2,1.4,22.5,23.7,0.06,45,0.17,-0.33,0.67,"Gunnison",0.31,-0.04,0.66,1.41,"Chukar 2012",0.7,0.0648148148148148,0.12962962962963,0.194444444444444,0.259259259259259,"raw_data",0.06916,0.18228,0.25144,1.14856,0.00926258064516129,0.182311111111111,0.163436,0.000856720967741936,0.0168624444444444,0.376132296296296,0.216610074074074,0.269784148148148,0.322958222222222,0.0506237613168724,0.0253027736625514,0.0337431028806584,0.0421834320987654,0.00257201367980884,0.00128554414575866,0.00171436732377539,0.00214319050179211
"31",31,3,"Gunnison","Red Rocks 1","Red ",150,2012,0.73,"179.2","0.7",6,0.4,19.3,20.3,0.02,38.5,0.07,-0.4,0.54,"Gunnison",0.31,-0.04,0.66,0.41,"Red Rocks 1 2012",0.2,0.0185185185185185,0.037037037037037,0.0555555555555556,0.0740740740740741,"raw_data",0.01404,0.06132,0.07536,0.32464,0.00261806451612903,0.0515301587301587,0.048984,0.000256770967741935,0.00505390476190476,0.109102518518519,0.0640136296296296,0.0790432592592593,0.0940728888888889,0.0145965267489712,0.00743956025867137,0.00982521575543798,0.0122108712522046,0.000741597729988053,0.000377977658303465,0.000499184348864994,0.000620391039426523
"32",32,4,"Rio Grande","Upper Control 3","Uppe",25,2014,0.6,"13,829.40","0.8",453.7,31,20.1,21.1,1.47,40.1,0.34,0.05,0.63,"Rio Grande",0.15,-0.11,0.41,31.01,"Upper Control 3 2014",15.5,1.43518518518519,2.87037037037037,4.30555555555556,5.74074074074074,"raw_data",1.612,3.906,5.518,25.482,0.2055,4.0447619047619,3.5867,0.01880125,0.370056349206349,8.30558888888889,4.76642222222222,5.94614444444444,7.12586666666667,1.11908633156966,0.557313844797178,0.744571340388007,0.931828835978836,0.0568568055555555,0.0283151388888889,0.0378290277777778,0.0473429166666667
"33",33,4,"Rio Grande","Upper Control 3","Uppe",25,2015,0.6,"8,359.80","0.82",274.3,18.7,20.1,21.1,0.89,40.1,0.34,0.05,0.63,"Rio Grande",0.15,-0.11,0.41,18.71,"Upper Control 3 2015",9.35,0.865740740740741,1.73148148148148,2.59722222222222,3.46296296296296,"raw_data",0.9724,2.3562,3.3286,15.3714,0.123962903225806,2.43990476190476,2.16359,0.0113413991935484,0.22322753968254,5.01014555555555,2.87522888888889,3.58686777777778,4.29850666666667,0.675061754850088,0.336186093474427,0.449144647266314,0.562103201058201,0.0342974923835125,0.0170804224910394,0.0228194457885305,0.0285584690860215
"34",34,4,"Rio Grande","La Garita 2","Gari",21,2011,0.54,"2,509.90","0.48",82.3,5.8,18.6,19.6,0.3,37.2,0.13,-0.16,0.42,"Rio Grande",0.15,-0.11,0.41,5.81,"La Garita 2 2011",2.9,0.268518518518518,0.537037037037037,0.805555555555555,1.07407407407407,"raw_data",0.34684,0.65772,1.00456,4.79544,0.0386729032258065,0.761180952380952,0.652964,0.00342279516129032,0.0673693015873016,1.54100844444444,0.874975111111111,1.09698622222222,1.31899733333333,0.208328737213404,0.102609160493827,0.137849019400353,0.173088878306878,0.01058444390681,0.00521320734767025,0.00700361953405018,0.00879403172043011
"35",35,4,"Rio Grande","Wason Upper 2","WasoU",30,2015,0.61,"2,494.20","0.63",81.8,5.6,19.9,20.9,0.27,39.7,0.09,-0.2,0.38,"Rio Grande",0.15,-0.11,0.41,5.61,"Wason Upper 2 2015",2.8,0.259259259259259,0.518518518518518,0.777777777777778,1.03703703703704,"raw_data",0.28392,0.71736,1.00128,4.59872,0.0370864516129032,0.729955555555556,0.650832,0.00341161935483871,0.0671493333333333,1.50244681481481,0.863735703703704,1.07663940740741,1.28954311111111,0.202326288065844,0.100943572016461,0.134737810699588,0.168532049382716,0.0102794807646356,0.00512858470728793,0.00684555005973716,0.00856251541218638
"36",36,4,"Rio Grande","La Garita 3","Gari",22,2014,0.48,"1,798.80","0.81",59,4.4,18.6,19.6,0.22,37.2,0.13,-0.16,0.42,"Rio Grande",0.15,-0.11,0.41,4.41,"La Garita 3 2014",2.2,0.203703703703704,0.407407407407407,0.611111111111111,0.814814814814815,"raw_data",0.29744,0.44352,0.74096,3.65904,0.0295083870967742,0.5808,0.481624,0.00252464193548387,0.0496913650793651,1.159224,0.651024,0.820424,0.989824,0.157246920634921,0.076580253968254,0.103469142857143,0.130358031746032,0.00798915806451613,0.00389077096774194,0.0052569,0.00662302903225807
"37",37,4,"Rio Grande","La Garita 2","Gari",21,2014,0.48,"1,719.10","0.79",56.4,4.2,18.6,19.6,0.21,37.2,0.13,-0.16,0.42,"Rio Grande",0.15,-0.11,0.41,4.21,"La Garita 2 2014",2.1,0.194444444444444,0.388888888888889,0.583333333333333,0.777777777777778,"raw_data",0.28392,0.42336,0.70728,3.49272,0.0281670967741936,0.5544,0.459732,0.00240988548387097,0.0474326666666667,1.106532,0.621432,0.783132,0.944832,0.150099333333333,0.0730993333333333,0.098766,0.124432666666667,0.00762601451612903,0.00371391774193548,0.00501795,0.00632198225806452
"38",38,4,"Rio Grande","Upper Control 3","Uppe",25,2011,0.54,"1,677.20","0.77",55,3.9,20.1,21.1,0.18,40.1,0.34,0.05,0.63,"Rio Grande",0.15,-0.11,0.41,3.91,"Upper Control 3 2011",1.95,0.180555555555556,0.361111111111111,0.541666666666667,0.722222222222222,"raw_data",0.23322,0.44226,0.67548,3.22452,0.0260041935483871,0.511828571428571,0.439062,0.00230153467741935,0.0453000476190476,1.03619533333333,0.588345333333333,0.737628666666666,0.886912,0.140083116402116,0.0689958148148148,0.092691582010582,0.116387349206349,0.00711712607526882,0.00350543252688172,0.00470933037634409,0.00591322822580645
"39",39,4,"Rio Grande","Wason Lower 3","WasoL",28,2014,0.55,"1,547.40","0.85",50.8,3.6,18.8,19.8,0.18,37.6,0.07,-0.22,0.36,"Rio Grande",0.15,-0.11,0.41,3.61,"Wason Lower 3 2014",1.8,0.166666666666667,0.333333333333333,0.5,0.666666666666667,"raw_data",0.2106,0.4158,0.6264,2.9736,0.0239806451612903,0.472,0.40716,0.0021343064516129,0.0420085714285714,0.957826666666667,0.544826666666667,0.682493333333333,0.82016,0.129415978835979,0.0638604232804233,0.0857122751322751,0.107564126984127,0.00657516666666667,0.00324452150537634,0.00435473655913978,0.00546495161290323
"40",40,4,"Rio Grande","La Garita 2","Gari",21,2015,0.56,"1,346.30","0.85",44.2,3.1,18.6,19.6,0.16,37.2,0.13,-0.16,0.42,"Rio Grande",0.15,-0.11,0.41,3.11,"La Garita 2 2015",1.55,0.143518518518519,0.287037037037037,0.430555555555556,0.574074074074074,"raw_data",0.17732,0.36456,0.54188,2.55812,0.02063,0.406050793650794,0.352222,0.001846325,0.0363403650793651,0.825947925925926,0.470653481481482,0.589084962962963,0.707516444444445,0.111534956496179,0.0551390129335685,0.0739376607877719,0.0927363086419753,0.00566669537037037,0.00280141759259259,0.00375651018518519,0.00471160277777778
"41",41,4,"Rio Grande","La Garita 3","Gari",22,2015,0.55,"1,344.40","0.83",44.1,3.1,18.6,19.6,0.16,37.2,0.13,-0.16,0.42,"Rio Grande",0.15,-0.11,0.41,3.11,"La Garita 3 2015",1.55,0.143518518518519,0.287037037037037,0.430555555555556,0.574074074074074,"raw_data",0.18135,0.35805,0.5394,2.5606,0.02065,0.406444444444444,0.35061,0.001837875,0.0361740476190476,0.824795185185185,0.469156296296296,0.587702592592593,0.706248888888889,0.111441537330982,0.0549909200470312,0.0738077924750147,0.0926246649029983,0.00566194907407407,0.00279389351851852,0.00374991203703704,0.00470593055555556
"42",42,4,"Rio Grande","Wason Upper 1","WasoU",29,2014,0.55,"1,301.30","0.8",42.7,3,19.9,20.9,0.14,39.7,0.09,-0.2,0.38,"Rio Grande",0.15,-0.11,0.41,3.01,"Wason Upper 1 2014",1.5,0.138888888888889,0.277777777777778,0.416666666666667,0.555555555555555,"raw_data",0.1755,0.3465,0.522,2.478,0.0199838709677419,0.393333333333333,0.3393,0.00177858870967742,0.0350071428571429,0.798188888888889,0.454022222222222,0.568744444444444,0.683466666666667,0.107846649029982,0.0532170194003527,0.0714268959435626,0.0896367724867725,0.00547930555555555,0.00270376792114695,0.00362894713261649,0.00455412634408602
"43",43,4,"Rio Grande","Wason Lower 1","WasoL",26,2014,0.44,"1,072.40","0.86",35.2,2.7,18.8,19.8,0.13,37.6,0.07,-0.22,0.36,"Rio Grande",0.15,-0.11,0.41,2.71,"Wason Lower 1 2014",1.35,0.125,0.25,0.375,0.5,"raw_data",0.19656,0.24948,0.44604,2.25396,0.0181770967741935,0.357771428571429,0.289926,0.00151977338709677,0.029913,0.707326,0.394276,0.498626,0.602976,0.0961669682539683,0.0464764920634921,0.0630399841269841,0.0796034761904762,0.00488590241935484,0.00236130564516129,0.00320283790322581,0.00404437016129032
"44",44,4,"Rio Grande","Upper Control 2","Uppe",24,2014,0.62,"1,137.60","0.72",37.3,2.5,20.1,21.1,0.12,40.1,0.34,0.05,0.63,"Rio Grande",0.15,-0.11,0.41,2.51,"Upper Control 2 2014",1.25,0.115740740740741,0.231481481481481,0.347222222222222,0.462962962962963,"raw_data",0.1235,0.3255,0.449,2.051,0.0165403225806452,0.325555555555556,0.29185,0.00152985887096774,0.0301115079365079,0.671664814814815,0.386803703703704,0.481757407407407,0.576711111111111,0.0903995737801293,0.0451835243974133,0.0602555408583186,0.075327557319224,0.00459288157108722,0.00229561454599761,0.00306137022102748,0.00382712589605735
"45",45,4,"Rio Grande","Upper Control 1","Uppe",23,2014,0.57,"788.5","0.83",25.9,1.8,20.1,21.1,0.09,40.1,0.34,0.05,0.63,"Rio Grande",0.15,-0.11,0.41,1.81,"Upper Control 1 2014",0.9,0.0833333333333333,0.166666666666667,0.25,0.333333333333333,"raw_data",0.10062,0.21546,0.31608,1.48392,0.0119670967741935,0.235542857142857,0.205452,0.00107696612903226,0.0211974285714286,0.480252,0.274152,0.342852,0.411552,0.0648164761904762,0.0321021904761905,0.0430069523809524,0.0539117142857143,0.00329309516129032,0.00163099838709677,0.00218503064516129,0.00273906290322581
"46",46,4,"Rio Grande","Wason Upper 2","WasoU",30,2014,0.47,"795.7","0.84",26.1,1.9,19.9,20.9,0.09,39.7,0.09,-0.2,0.38,"Rio Grande",0.15,-0.11,0.41,1.91,"Wason Upper 2 2014",0.95,0.087962962962963,0.175925925925926,0.263888888888889,0.351851851851852,"raw_data",0.13091,0.18753,0.31844,1.58156,0.0127545161290323,0.25104126984127,0.206986,0.00108500725806452,0.0213556984126984,0.499867481481481,0.28020637037037,0.353426740740741,0.426647111111111,0.067844822457378,0.0329779794238683,0.0446002604350382,0.0562225414462081,0.00344695468936679,0.00167549411589008,0.00226598097371565,0.00285646783154122
"47",47,4,"Rio Grande","Wason Upper 3","WasoU",31,2014,0.52,"788.6","0.86",25.9,1.9,19.9,20.9,0.09,39.7,0.09,-0.2,0.38,"Rio Grande",0.15,-0.11,0.41,1.91,"Wason Upper 3 2014",0.95,0.087962962962963,0.175925925925926,0.263888888888889,0.351851851851852,"raw_data",0.11856,0.20748,0.32604,1.57396,0.0126932258064516,0.249834920634921,0.211926,0.00111090241935484,0.021865380952381,0.503400074074074,0.284794518518519,0.357663037037037,0.430531555555556,0.0681311069958848,0.0334318124632569,0.0449982439741329,0.0565646754850088,0.00346149979091995,0.00169855176224612,0.0022862011051374,0.00287385044802867
"48",48,4,"Rio Grande","Coller SWA1","Coll",19,2011,0.54,"661.6","0.8",21.7,1.5,18.3,19.2,0.08,36.5,0.07,-0.43,0.57,"Rio Grande",0.15,-0.11,0.41,1.51,"Coller SWA1 2011",0.75,0.0694444444444444,0.138888888888889,0.208333333333333,0.277777777777778,"raw_data",0.0897,0.1701,0.2598,1.2402,0.0100016129032258,0.196857142857143,0.16887,0.000885205645161291,0.0174230952380952,0.398536666666667,0.226286666666667,0.283703333333333,0.34112,0.0538781216931217,0.0265368518518519,0.0356506084656085,0.0447643650793651,0.0027373561827957,0.00134824327956989,0.00181128091397849,0.0022743185483871
"49",49,4,"Rio Grande","Upper Control 2","Uppe",24,2015,0.57,"759.7","0.79",24.9,1.7,20.1,21.1,0.08,40.1,0.34,0.05,0.63,"Rio Grande",0.15,-0.11,0.41,1.71,"Upper Control 2 2015",0.85,0.0787037037037037,0.157407407407407,0.236111111111111,0.314814814814815,"raw_data",0.09503,0.20349,0.29852,1.40148,0.0113022580645161,0.222457142857143,0.194038,0.00101713467741936,0.0200197936507937,0.453571333333333,0.258921333333333,0.323804666666667,0.388688,0.0612155608465608,0.0303187354497354,0.0406176772486773,0.050916619047619,0.00311014543010753,0.0015403873655914,0.00206364005376344,0.00258689274193548
"50",50,4,"Rio Grande","Wason Lower 1","WasoL",26,2015,0.61,"750.6","0.61",24.6,1.7,18.8,19.8,0.08,37.6,0.07,-0.22,0.36,"Rio Grande",0.15,-0.11,0.41,1.71,"Wason Lower 1 2015",0.85,0.0787037037037037,0.157407407407407,0.236111111111111,0.314814814814815,"raw_data",0.08619,0.21777,0.30396,1.39604,0.0112583870967742,0.221593650793651,0.197574,0.00103567016129032,0.020384619047619,0.456099925925926,0.262205481481481,0.326836962962963,0.391468444444444,0.0614204803057025,0.0306435843621399,0.0409025496766608,0.0511615149911817,0.00312055666069295,0.00155689178614098,0.00207811341099164,0.00259933503584229
"51",51,4,"Rio Grande","Upper Control 1","Uppe",23,2015,0.58,"654.5","0.79",21.5,1.5,20.1,21.1,0.07,40.1,0.34,0.05,0.63,"Rio Grande",0.15,-0.11,0.41,1.51,"Upper Control 1 2015",0.75,0.0694444444444444,0.138888888888889,0.208333333333333,0.277777777777778,"raw_data",0.0819,0.1827,0.2646,1.2354,0.00996290322580645,0.196095238095238,0.17199,0.000901560483870968,0.017745,0.400767777777778,0.229184444444444,0.286378888888889,0.343573333333333,0.0540589329805996,0.0268234832451499,0.0359019664902998,0.0449804497354497,0.00274654256272401,0.00136280600358423,0.00182405152329749,0.00228529704301075
"52",52,4,"Rio Grande","Upper Control 2","Uppe",24,2011,0.54,"633.6","0.74",20.8,1.5,20.1,21.1,0.07,40.1,0.34,0.05,0.63,"Rio Grande",0.15,-0.11,0.41,1.51,"Upper Control 2 2011",0.75,0.0694444444444444,0.138888888888889,0.208333333333333,0.277777777777778,"raw_data",0.0897,0.1701,0.2598,1.2402,0.0100016129032258,0.196857142857143,0.16887,0.000885205645161291,0.0174230952380952,0.398536666666667,0.226286666666667,0.283703333333333,0.34112,0.0538781216931217,0.0265368518518519,0.0356506084656085,0.0447643650793651,0.0027373561827957,0.00134824327956989,0.00181128091397849,0.0022743185483871
"53",53,4,"Rio Grande","Wason Lower 1","WasoL",26,2011,0.79,"745.8","0.84",24.5,1.5,18.8,19.8,0.07,37.6,0.07,-0.22,0.36,"Rio Grande",0.15,-0.11,0.41,1.51,"Wason Lower 1 2011",0.75,0.0694444444444444,0.138888888888889,0.208333333333333,0.277777777777778,"raw_data",0.04095,0.24885,0.2898,1.2102,0.00975967741935484,0.192095238095238,0.18837,0.000987423387096774,0.019435,0.412481111111111,0.244397777777778,0.300425555555556,0.356453333333333,0.0550081922398589,0.0283282980599647,0.0372215961199295,0.0461148941798942,0.00279477105734767,0.0014392603046595,0.00189109722222222,0.00234293413978495
"54",54,4,"Rio Grande","Wason Lower 3","WasoL",28,2011,0.54,"610.2","0.7",20,1.4,18.8,19.8,0.07,37.6,0.07,-0.22,0.36,"Rio Grande",0.15,-0.11,0.41,1.41,"Wason Lower 3 2011",0.7,0.0648148148148148,0.12962962962963,0.194444444444444,0.259259259259259,"raw_data",0.08372,0.15876,0.24248,1.15752,0.00933483870967742,0.183733333333333,0.157612,0.000826191935483871,0.0162615555555556,0.371967555555555,0.211200888888889,0.264789777777778,0.318378666666667,0.0502862469135802,0.0247677283950617,0.0332739012345679,0.0417800740740741,0.00255486577060932,0.00125836039426523,0.00169052885304659,0.00212269731182796
"55",55,4,"Rio Grande","Wason Lower 3","WasoL",28,2015,0.55,"618.1","0.83",20.3,1.4,18.8,19.8,0.07,37.6,0.07,-0.22,0.36,"Rio Grande",0.15,-0.11,0.41,1.41,"Wason Lower 3 2015",0.7,0.0648148148148148,0.12962962962963,0.194444444444444,0.259259259259259,"raw_data",0.0819,0.1617,0.2436,1.1564,0.0093258064516129,0.183555555555556,0.15834,0.000830008064516129,0.0163366666666667,0.372488148148148,0.211877037037037,0.265414074074074,0.318951111111111,0.0503284362139918,0.0248346090534979,0.0333325514403292,0.0418304938271605,0.00255700925925926,0.00126175836320191,0.00169350866188769,0.00212525896057348
"56",56,4,"Rio Grande","La Garita 3","Gari",22,2011,0.54,"499.3","0.78",16.4,1.2,18.6,19.6,0.06,37.2,0.13,-0.16,0.42,"Rio Grande",0.15,-0.11,0.41,1.21,"La Garita 3 2011",0.6,0.0555555555555556,0.111111111111111,0.166666666666667,0.222222222222222,"raw_data",0.07176,0.13608,0.20784,0.99216,0.00800129032258064,0.157485714285714,0.135096,0.000708164516129032,0.0139384761904762,0.318829333333333,0.181029333333333,0.226962666666667,0.272896,0.0431024973544974,0.0212294814814815,0.0285204867724868,0.0358114920634921,0.00218988494623656,0.00107859462365591,0.0014490247311828,0.00181945483870968
"57",57,4,"Rio Grande","Wason Upper 3","WasoU",31,2015,0.54,"496.4","0.79",16.3,1.2,19.9,20.9,0.06,39.7,0.09,-0.2,0.38,"Rio Grande",0.15,-0.11,0.41,1.21,"Wason Upper 3 2015",0.6,0.0555555555555556,0.111111111111111,0.166666666666667,0.222222222222222,"raw_data",0.07176,0.13608,0.20784,0.99216,0.00800129032258064,0.157485714285714,0.135096,0.000708164516129032,0.0139384761904762,0.318829333333333,0.181029333333333,0.226962666666667,0.272896,0.0431024973544974,0.0212294814814815,0.0285204867724868,0.0358114920634921,0.00218988494623656,0.00107859462365591,0.0014490247311828,0.00181945483870968
"58",58,4,"Rio Grande","Coller SWA2","Coll",19,2011,0.54,"416.7","0.9",13.7,1,18.3,19.2,0.05,36.5,0.07,-0.43,0.57,"Rio Grande",0.15,-0.11,0.41,1.01,"Coller SWA2 2011",0.5,0.0462962962962963,0.0925925925925926,0.138888888888889,0.185185185185185,"raw_data",0.0598,0.1134,0.1732,0.8268,0.00666774193548387,0.131238095238095,0.11258,0.000590137096774194,0.0116153968253968,0.265691111111111,0.150857777777778,0.189135555555556,0.227413333333333,0.0359187477954145,0.0176912345679012,0.0237670723104056,0.0298429100529101,0.0018249041218638,0.000898828853046595,0.001207520609319,0.0015162123655914
"59",59,4,"Rio Grande","Coller SWA3","Coll",19,2011,0.54,"420.1","0.75",13.8,1,18.3,19.2,0.05,36.5,0.07,-0.43,0.57,"Rio Grande",0.15,-0.11,0.41,1.01,"Coller SWA3 2011",0.5,0.0462962962962963,0.0925925925925926,0.138888888888889,0.185185185185185,"raw_data",0.0598,0.1134,0.1732,0.8268,0.00666774193548387,0.131238095238095,0.11258,0.000590137096774194,0.0116153968253968,0.265691111111111,0.150857777777778,0.189135555555556,0.227413333333333,0.0359187477954145,0.0176912345679012,0.0237670723104056,0.0298429100529101,0.0018249041218638,0.000898828853046595,0.001207520609319,0.0015162123655914
"60",60,4,"Rio Grande","Wason Upper 1","WasoU",29,2015,0.52,"470.1","0.88",15.4,1.1,19.9,20.9,0.05,39.7,0.09,-0.2,0.38,"Rio Grande",0.15,-0.11,0.41,1.11,"Wason Upper 1 2015",0.55,0.0509259259259259,0.101851851851852,0.152777777777778,0.203703703703704,"raw_data",0.06864,0.12012,0.18876,0.91124,0.00734870967741936,0.14464126984127,0.122694,0.000643154032258065,0.0126589047619048,0.291442148148148,0.164881037037037,0.207068074074074,0.249255111111111,0.0394443251028807,0.0193552598471487,0.0260516149323927,0.0327479700176367,0.00200402619474313,0.000983372072879331,0.0013235901135006,0.00166380815412186
"61",61,4,"Rio Grande","Upper Control 1","Uppe",23,2011,0.54,"374.9","0.74",12.3,0.9,20.1,21.1,0.04,40.1,0.34,0.05,0.63,"Rio Grande",0.15,-0.11,0.41,0.91,"Upper Control 1 2011",0.45,0.0416666666666667,0.0833333333333333,0.125,0.166666666666667,"raw_data",0.05382,0.10206,0.15588,0.74412,0.00600096774193548,0.118114285714286,0.101322,0.000531123387096774,0.0104538571428571,0.239122,0.135772,0.170222,0.204672,0.032326873015873,0.0159221111111111,0.0213903650793651,0.026858619047619,0.00164241370967742,0.000808945967741936,0.0010867685483871,0.00136459112903226
"62",62,4,"Rio Grande","Wason Upper 1","WasoU",29,2011,0.63,"378.4","0.74",12.4,0.8,19.9,20.9,0.04,39.7,0.09,-0.2,0.38,"Rio Grande",0.15,-0.11,0.41,0.81,"Wason Upper 1 2011",0.4,0.037037037037037,0.0740740740740741,0.111111111111111,0.148148148148148,"raw_data",0.03848,0.10584,0.14432,0.65568,0.00528774193548387,0.10407619047619,0.093808,0.000491735483870968,0.00967860317460317,0.215230222222222,0.124163555555556,0.154519111111111,0.184874666666667,0.0289519717813051,0.0144969453262787,0.0193152874779541,0.0241336296296296,0.00147094695340502,0.00073653835125448,0.000981341218637993,0.00122614408602151
"63",63,4,"Rio Grande","La Garita 1","Gari",20,2011,0.54,"260","0.85",8.5,0.6,18.6,19.6,0.03,37.2,0.13,-0.16,0.42,"Rio Grande",0.15,-0.11,0.41,0.61,"La Garita 1 2011",0.3,0.0277777777777778,0.0555555555555556,0.0833333333333333,0.111111111111111,"raw_data",0.03588,0.06804,0.10392,0.49608,0.00400064516129032,0.0787428571428571,0.067548,0.000354082258064516,0.0069692380952381,0.159414666666667,0.0905146666666667,0.113481333333333,0.136448,0.0215512486772487,0.0106147407407407,0.0142602433862434,0.017905746031746,0.00109494247311828,0.000539297311827957,0.000724512365591398,0.000909727419354839
"64",64,4,"Rio Grande","La Garita 1","Gari",20,2014,0.41,"214.5","0.64",7,0.5,18.6,19.6,0.03,37.2,0.13,-0.16,0.42,"Rio Grande",0.15,-0.11,0.41,0.51,"La Garita 1 2014",0.25,0.0231481481481481,0.0462962962962963,0.0694444444444444,0.0925925925925926,"raw_data",0.03835,0.04305,0.0814,0.4186,0.0033758064516129,0.0664444444444444,0.05291,0.000277350806451613,0.00545896825396825,0.130428518518518,0.0722896296296296,0.0916692592592593,0.111048888888889,0.0177634950029394,0.00853509994121105,0.0116112316284539,0.0146873633156966,0.000902500149342891,0.000433638142174432,0.000589925477897252,0.000746212813620072
"65",65,4,"Rio Grande","Wason Lower 2","WasoL",27,2014,0.4,"221","0.8",7.3,0.6,18.8,19.8,0.03,37.6,0.07,-0.22,0.36,"Rio Grande",0.15,-0.11,0.41,0.61,"Wason Lower 2 2014",0.3,0.0277777777777778,0.0555555555555556,0.0833333333333333,0.111111111111111,"raw_data",0.0468,0.0504,0.0972,0.5028,0.00405483870967742,0.0798095238095238,0.06318,0.000331185483870968,0.00651857142857143,0.156291111111111,0.0864577777777778,0.109735555555556,0.133013333333333,0.0212981128747795,0.0102134567901235,0.0139083421516755,0.0176032275132275,0.00108208154121864,0.000518909498207885,0.000706633512544803,0.00089435752688172
"66",66,4,"Rio Grande","Wason Upper 2","WasoU",30,2011,0.54,"249.5","0.9",8.2,0.6,19.9,20.9,0.03,39.7,0.09,-0.2,0.38,"Rio Grande",0.15,-0.11,0.41,0.61,"Wason Upper 2 2011",0.3,0.0277777777777778,0.0555555555555556,0.0833333333333333,0.111111111111111,"raw_data",0.03588,0.06804,0.10392,0.49608,0.00400064516129032,0.0787428571428571,0.067548,0.000354082258064516,0.0069692380952381,0.159414666666667,0.0905146666666667,0.113481333333333,0.136448,0.0215512486772487,0.0106147407407407,0.0142602433862434,0.017905746031746,0.00109494247311828,0.000539297311827957,0.000724512365591398,0.000909727419354839
"67",67,4,"Rio Grande","La Garita 1","Gari",20,2015,0.49,"183.7","0.82",6,0.4,18.6,19.6,0.02,37.2,0.13,-0.16,0.42,"Rio Grande",0.15,-0.11,0.41,0.41,"La Garita 1 2015",0.2,0.0185185185185185,0.037037037037037,0.0555555555555556,0.0740740740740741,"raw_data",0.02652,0.04116,0.06768,0.33232,0.00268,0.0527492063492064,0.043992,0.000230603225806452,0.00453885714285714,0.105532740740741,0.0593771851851852,0.0747623703703704,0.0901475555555556,0.0143072286890065,0.00698095002939447,0.00942304291593181,0.0118651358024691,0.000726899522102748,0.000354677299880526,0.0004787513739546,0.000602825448028674
"68",68,4,"Rio Grande","Wason Lower 2","WasoL",27,2015,0.48,"172.4","0.72",5.7,0.4,18.8,19.8,0.02,37.6,0.07,-0.22,0.36,"Rio Grande",0.15,-0.11,0.41,0.41,"Wason Lower 2 2015",0.2,0.0185185185185185,0.037037037037037,0.0555555555555556,0.0740740740740741,"raw_data",0.02704,0.04032,0.06736,0.33264,0.00268258064516129,0.0528,0.043784,0.000229512903225806,0.00451739682539683,0.105384,0.059184,0.074584,0.089984,0.0142951746031746,0.00696184126984127,0.00940628571428571,0.0118507301587302,0.000726287096774194,0.000353706451612903,0.0004779,0.000602093548387097
"69",69,4,"Rio Grande","Wason Upper 3","WasoU",31,2011,0.54,"207.2","0.52",6.8,0.5,19.9,20.9,0.02,39.7,0.09,-0.2,0.38,"Rio Grande",0.15,-0.11,0.41,0.51,"Wason Upper 3 2011",0.25,0.0231481481481481,0.0462962962962963,0.0694444444444444,0.0925925925925926,"raw_data",0.0299,0.0567,0.0866,0.4134,0.00333387096774194,0.0656190476190476,0.05629,0.000295068548387097,0.00580769841269841,0.132845555555556,0.0754288888888889,0.0945677777777778,0.113706666666667,0.0179593738977072,0.00884561728395062,0.0118835361552028,0.014921455026455,0.0009124520609319,0.000449414426523298,0.000603760304659498,0.000758106182795699
"70",70,4,"Rio Grande","Wason Lower 2","WasoL",27,2011,0.54,"95.1","0.71",3.1,0.2,18.8,19.8,0.01,37.6,0.07,-0.22,0.36,"Rio Grande",0.15,-0.11,0.41,0.21,"Wason Lower 2 2011",0.1,0.00925925925925926,0.0185185185185185,0.0277777777777778,0.037037037037037,"raw_data",0.01196,0.02268,0.03464,0.16536,0.00133354838709677,0.0262476190476191,0.022516,0.000118027419354839,0.00232307936507937,0.0531382222222222,0.0301715555555556,0.0378271111111111,0.0454826666666667,0.00718374955908289,0.00353824691358025,0.00475341446208113,0.00596858201058201,0.00036498082437276,0.000179765770609319,0.000241504121863799,0.00030324247311828
"71",71,5,"Fraser","Kaibab","Kaib",9,2014,0.53,"134.9","0.73",4.5,0.4,5.3,5.5,0.08,10.5,0.07,-0.57,0.71,"Fraser",0.04,-0.96,1.05,0.41,"Kaibab 2014",0.2,0.0185185185185185,0.037037037037037,0.0555555555555556,0.0740740740740741,"raw_data",0.02444,0.04452,0.06896,0.33104,0.00266967741935484,0.0525460317460318,0.044824,0.000234964516129032,0.00462469841269841,0.106127703703704,0.0601499259259259,0.0754758518518519,0.0908017777777778,0.0143554450323339,0.00705738506760729,0.00949007172251617,0.011922758377425,0.000729349223416965,0.000358560692951016,0.000482156869772999,0.000605753046594982
